{
  "formatVersion": 1,
  "database": {
    "version": 2,
    "identityHash": "fc902cf5d26aca7d0ac10be1fc3728f0",
    "entities": [
      {
        "tableName": "clipboard",
        "createSql": "CREATE TABLE IF NOT EXISTS `${TABLE_NAME}` (`id` INTEGER PRIMARY KEY AUTOINCREMENT NOT NULL, `text` TEXT NOT NULL, `pinned` INTEGER NOT NULL, `timestamp` INTEGER NOT NULL DEFAULT -1, `type` TEXT NOT NULL DEFAULT 'text/plain')",
        "fields": [
          {
            "fieldPath": "id",
            "columnName": "id",
            "affinity": "INTEGER",
            "notNull": true
          },
          {
            "fieldPath": "text",
            "columnName": "text",
            "affinity": "TEXT",
            "notNull": true
          },
          {
            "fieldPath": "pinned",
            "columnName": "pinned",
            "affinity": "INTEGER",
            "notNull": true
          },
          {
            "fieldPath": "timestamp",
            "columnName": "timestamp",
            "affinity": "INTEGER",
            "notNull": true,
            "defaultValue": "-1"
          },
          {
            "fieldPath": "type",
            "columnName": "type",
            "affinity": "TEXT",
            "notNull": true,
            "defaultValue": "'text/plain'"
          }
        ],
        "primaryKey": {
          "columnNames": [
            "id"
          ],
          "autoGenerate": true
        },
        "indices": [],
        "foreignKeys": []
      }
    ],
    "views": [],
    "setupQueries": [
      "CREATE TABLE IF NOT EXISTS room_master_table (id INTEGER PRIMARY KEY,identity_hash TEXT)",
      "INSERT OR REPLACE INTO room_master_table (id,identity_hash) VALUES(42, 'fc902cf5d26aca7d0ac10be1fc3728f0')"
    ]
  }
}