{
  "formatVersion": 1,
  "database": {
    "version": 4,
    "identityHash": "b0fe6cdac09e0d7deaff17d8b45fe565",
    "entities": [
      {
        "tableName": "clipboard",
        "createSql": "CREATE TABLE IF NOT EXISTS `${TABLE_NAME}` (`id` INTEGER PRIMARY KEY AUTOINCREMENT NOT NULL, `text` TEXT NOT NULL, `pinned` INTEGER NOT NULL, `timestamp` INTEGER NOT NULL DEFAULT -1, `type` TEXT NOT NULL DEFAULT 'text/plain', `deleted` INTEGER NOT NULL DEFAULT 0, `sensitive` INTEGER NOT NULL DEFAULT 0)",
        "fields": [
          {
            "fieldPath": "id",
            "columnName": "id",
            "affinity": "INTEGER",
            "notNull": true
          },
          {
            "fieldPath": "text",
            "columnName": "text",
            "affinity": "TEXT",
            "notNull": true
          },
          {
            "fieldPath": "pinned",
            "columnName": "pinned",
            "affinity": "INTEGER",
            "notNull": true
          },
          {
            "fieldPath": "timestamp",
            "columnName": "timestamp",
            "affinity": "INTEGER",
            "notNull": true,
            "defaultValue": "-1"
          },
          {
            "fieldPath": "type",
            "columnName": "type",
            "affinity": "TEXT",
            "notNull": true,
            "defaultValue": "'text/plain'"
          },
          {
            "fieldPath": "deleted",
            "columnName": "deleted",
            "affinity": "INTEGER",
            "notNull": true,
            "defaultValue": "0"
          },
          {
            "fieldPath": "sensitive",
            "columnName": "sensitive",
            "affinity": "INTEGER",
            "notNull": true,
            "defaultValue": "0"
          }
        ],
        "primaryKey": {
          "autoGenerate": true,
          "columnNames": [
            "id"
          ]
        },
        "indices": [],
        "foreignKeys": []
      }
    ],
    "views": [],
    "setupQueries": [
      "CREATE TABLE IF NOT EXISTS room_master_table (id INTEGER PRIMARY KEY,identity_hash TEXT)",
      "INSERT OR REPLACE INTO room_master_table (id,identity_hash) VALUES(42, 'b0fe6cdac09e0d7deaff17d8b45fe565')"
    ]
  }
}